date,game_id,stadium,away,home,away_score,home_score,away_starter,home_starter,status
2025-03-22,20250322LTLG0,잠실,롯데,LG,2,12,반즈,치리노스,final
2025-03-22,20250322WOSS0,대구,키움,삼성,5,13,로젠버그,후라도,final
2025-03-22,20250322OBSK0,문학,두산,SSG,5,6,콜어빈,앤더슨,final
2025-03-22,20250322NCHT0,광주,NC,KIA,2,9,로건,네일,final
2025-03-22,20250322HHKT0,수원,한화,KT,4,3,폰세,헤이수스,final
2025-03-23,20250323LTLG0,잠실,롯데,LG,2,10,박세웅,손주영,final
2025-03-23,20250323WOSS0,대구,키움,삼성,7,11,하영민,백정현,final
2025-03-23,20250323OBSK0,문학,두산,SSG,2,5,잭로그,김광현,final
2025-03-23,20250323NCHT0,광주,NC,KIA,5,4,라일리,양현종,final
2025-03-23,20250323HHKT0,수원,한화,KT,4,5,와이스,쿠에바스,final
2025-03-25,20250325HHLG0,잠실,한화,LG,0,5,류현진,에르난데스,final
2025-03-25,20250325NCSS0,대구,NC,삼성,5,14,최성영,최원태,final
2025-03-25,20250325LTSK0,문학,롯데,SSG,3,2,데이비슨,문승원,final
2025-03-25,20250325WOHT0,광주,키움,KIA,6,11,김윤하,올러,final
2025-03-25,20250325OBKT0,수원,두산,KT,3,8,최원준,고영표,final
2025-03-26,20250326HHLG0,잠실,한화,LG,0,4,엄상백,임찬규,final
2025-03-26,20250326NCSS0,대구,NC,삼성,8,6,신민혁,이승현,final
2025-03-26,20250326LTSK0,문학,롯데,SSG,1,3,김진욱,송영진,final
2025-03-26,20250326WOHT0,광주,키움,KIA,17,10,정현우,윤영철,final
2025-03-26,20250326OBKT0,수원,두산,KT,3,2,최승용,소형준,final
2025-03-27,20250327HHLG0,잠실,한화,LG,1,2,문동주,송승기,final
2025-03-27,20250327NCSS0,대구,NC,삼성,11,5,목지훈,김대호,final
2025-03-27,20250327LTSK0,문학,롯데,SSG,2,5,나균안,박종훈,final
2025-03-27,20250327WOHT0,광주,키움,KIA,5,3,윤현,김도현,final
2025-03-27,20250327OBKT0,수원,두산,KT,3,4,김유성,오원석,final
2025-03-28,20250328SSOB0,잠실,삼성,두산,0,2,후라도,콜어빈,final
2025-03-28,20250328KTLT0,사직,KT,롯데,2,0,헤이수스,반즈,final
2025-03-28,20250328LGNC0,창원,LG,NC,8,4,치리노스,로건,final
2025-03-28,20250328HTHH0,대전,KIA,한화,2,7,네일,폰세,final
2025-03-28,20250328SKWO0,고척,SSG,키움,3,9,앤더슨,로젠버그,final
2025-03-29,20250329HTHH0,대전,KIA,한화,4,5,양현종,와이스,final
2025-03-29,20250329SKWO0,고척,SSG,키움,1,3,김광현,하영민,final
2025-03-29,20250329SSOB0,잠실,삼성,두산,13,2,원태인,잭로그,final
2025-03-29,20250329KTLT0,사직,KT,롯데,1,3,쿠에바스,박세웅,final
2025-03-29,20250329LGNC0,창원,LG,NC,14,4,손주영,라일리,final
2025-03-30,20250330SSOB0,잠실,삼성,두산,3,2,레예스,최원준,final
2025-03-30,20250330KTLT0,사직,KT,롯데,4,4,고영표,데이비슨,final
2025-03-30,20250330LGNC0,창원,LG,NC,,,에르난데스,김태경,기타
2025-03-30,20250330HTHH0,대전,KIA,한화,5,3,올러,류현진,final
2025-03-30,20250330SKWO0,고척,SSG,키움,8,2,문승원,김윤하,final
2025-04-01,20250401WOOB0,잠실,키움,두산,,,정현우,최승용,기타
2025-04-01,20250401SSHT0,광주,삼성,KIA,,,최원태,윤영철,기타
2025-04-01,20250401LGKT0,수원,LG,KT,,,에르난데스,소형준,기타
2025-04-01,20250401SKNC0,창원,SSG,NC,,,송영진,신민혁,기타
2025-04-01,20250401LTHH0,대전,롯데,한화,,,김진욱,엄상백,기타
2025-04-02,20250402WOOB0,잠실,키움,두산,3,5,윤현,최승용,final
2025-04-02,20250402SSHT0,광주,삼성,KIA,4,2,최원태,김도현,final
2025-04-02,20250402LGKT0,수원,LG,KT,5,9,에르난데스,오원석,final
2025-04-02,20250402SKNC0,창원,SSG,NC,,,,,기타
2025-04-02,20250402LTHH0,대전,롯데,한화,6,2,김진욱,문동주,final
2025-04-03,20250403WOOB0,잠실,키움,두산,1,6,로젠버그,콜어빈,final
2025-04-03,20250403SSHT0,광주,삼성,KIA,1,3,후라도,네일,final
2025-04-03,20250403LGKT0,수원,LG,KT,5,1,임찬규,헤이수스,final
2025-04-03,20250403SKNC0,창원,SSG,NC,,,,,기타
2025-04-03,20250403LTHH0,대전,롯데,한화,4,2,나균안,폰세,final
2025-04-04,20250404HTLG0,잠실,KIA,LG,2,8,양현종,송승기,final
2025-04-04,20250404HHSS0,대구,한화,삼성,0,5,와이스,원태인,final
2025-04-04,20250404OBLT0,사직,두산,롯데,15,3,잭로그,반즈,final
2025-04-04,20250404KTSK0,문학,KT,SSG,2,3,쿠에바스,김광현,final
2025-04-04,20250404NCWO0,고척,NC,키움,1,5,로건,하영민,final
2025-04-05,20250405HTLG0,잠실,KIA,LG,,,올러,치리노스,우천취소
2025-04-05,20250405HHSS0,대구,한화,삼성,7,6,류현진,이승현,final
2025-04-05,20250405OBLT0,사직,두산,롯데,1,6,최원준,박세웅,final
2025-04-05,20250405KTSK0,문학,KT,SSG,,,고영표,문승원,우천취소
2025-04-05,20250405NCWO0,고척,NC,키움,7,5,라일리,김윤하,final
2025-04-06,20250406HTLG0,잠실,KIA,LG,1,5,올러,치리노스,final
2025-04-06,20250406HHSS0,대구,한화,삼성,0,10,엄상백,레예스,final
2025-04-06,20250406OBLT0,사직,두산,롯데,15,12,김유성,데이비슨,final
2025-04-06,20250406KTSK0,문학,KT,SSG,0,1,소형준,문승원,final
2025-04-06,20250406NCWO0,고척,NC,키움,8,2,신민혁,정현우,final
2025-04-08,20250408HHOB0,잠실,한화,두산,5,6,문동주,최승용,final
2025-04-08,20250408SKSS0,대구,SSG,삼성,3,7,송영진,최원태,final
2025-04-08,20250408HTLT0,사직,KIA,롯데,5,4,김도현,김진욱,final
2025-04-08,20250408NCKT0,수원,NC,KT,2,3,목지훈,고영표,final
2025-04-08,20250408LGWO0,고척,LG,키움,13,1,손주영,윤현,final
2025-04-09,20250409HHOB0,잠실,한화,두산,5,4,폰세,콜어빈,final
2025-04-09,20250409SKSS0,대구,SSG,삼성,3,1,앤더슨,후라도,final
2025-04-09,20250409HTLT0,사직,KIA,롯데,3,1,네일,나균안,final
2025-04-09,20250409NCKT0,수원,NC,KT,1,4,로건,헤이수스,final
2025-04-09,20250409LGWO0,고척,LG,키움,0,4,에르난데스,로젠버그,final
2025-04-10,20250410HHOB0,잠실,한화,두산,7,2,와이스,잭로그,final
2025-04-10,20250410SKSS0,대구,SSG,삼성,2,3,김광현,원태인,final
2025-04-10,20250410HTLT0,사직,KIA,롯데,3,8,윤영철,반즈,final
2025-04-10,20250410NCKT0,수원,NC,KT,7,0,라일리,오원석,final
2025-04-10,20250410LGWO0,고척,LG,키움,7,3,임찬규,하영민,final
2025-04-11,20250411OBLG0,잠실,두산,LG,2,5,최원준,송승기,final
2025-04-11,20250411LTNC0,사직,롯데,NC,7,5,박세웅,김태경,final
2025-04-11,20250411SKHT0,광주,SSG,KIA,9,3,박종훈,양현종,final
2025-04-11,20250411SSKT0,수원,삼성,KT,3,5,이승현,쿠에바스,final
2025-04-11,20250411WOHH0,대전,키움,한화,2,12,김윤하,류현진,final
2025-04-12,20250412OBLG0,잠실,두산,LG,0,4,김유성,치리노스,final
2025-04-12,20250412SSKT0,수원,삼성,KT,,,레예스,문용익,우천취소
2025-04-12,20250412LTNC0,사직,롯데,NC,2,0,데이비슨,신민혁,final
2025-04-12,20250412SKHT0,광주,SSG,KIA,,,문승원,올러,우천취소
2025-04-12,20250412WOHH0,대전,키움,한화,6,2,정현우,엄상백,final
2025-04-13,20250413OBLG0,잠실,두산,LG,9,2,최승용,손주영,final
2025-04-13,20250413LTNC0,사직,롯데,NC,6,9,김진욱,이용찬,final
2025-04-13,20250413SKHT0,광주,SSG,KIA,5,11,문승원,올러,final
2025-04-13,20250413SSKT0,수원,삼성,KT,5,6,레예스,소형준,final
2025-04-13,20250413WOHH0,대전,키움,한화,1,7,조영건,문동주,final
2025-04-15,20250415SSLG0,잠실,삼성,LG,0,3,후라도,에르난데스,final
2025-04-15,20250415WOLT0,사직,키움,롯데,6,8,로젠버그,나균안,final
2025-04-15,20250415HHSK0,문학,한화,SSG,2,0,폰세,앤더슨,final
2025-04-15,20250415KTHT0,광주,KT,KIA,0,1,고영표,네일,final
2025-04-15,20250415OBNC0,창원,두산,NC,,,,,기타
2025-04-16,20250416SSLG0,잠실,삼성,LG,2,12,최원태,임찬규,final
2025-04-16,20250416WOLT0,사직,키움,롯데,4,6,하영민,반즈,final
2025-04-16,20250416HHSK0,문학,한화,SSG,10,4,와이스,김광현,final
2025-04-16,20250416KTHT0,광주,KT,KIA,3,0,오원석,김도현,final
2025-04-16,20250416OBNC0,창원,두산,NC,,,,,기타
2025-04-17,20250417SSLG0,잠실,삼성,LG,6,3,원태인,송승기,final
2025-04-17,20250417WOLT0,사직,키움,롯데,1,7,김윤하,박세웅,final
2025-04-17,20250417HHSK0,문학,한화,SSG,4,2,류현진,화이트,final
2025-04-17,20250417KTHT0,광주,KT,KIA,4,5,쿠에바스,양현종,final
2025-04-17,20250417OBNC0,창원,두산,NC,,,,,기타
2025-04-18,20250418HTOB0,잠실,KIA,두산,1,7,윤영철,콜어빈,final
2025-04-18,20250418LTSS0,대구,롯데,삼성,8,1,데이비슨,이승현,final
2025-04-18,20250418LGSK0,문학,LG,SSG,5,1,치리노스,박종훈,final
2025-04-18,20250418NCHH0,대전,NC,한화,4,12,로건,엄상백,final
2025-04-18,20250418KTWO0,고척,KT,키움,3,4,헤이수스,전준표,final
2025-04-19,20250419HTOB0,잠실,KIA,두산,8,4,올러,최원준,final
2025-04-19,20250419LGSK0,문학,LG,SSG,11,4,손주영,송영진,final
2025-04-19,20250419LTSS0,대구,롯데,삼성,3,10,김진욱,김대호,final
2025-04-19,20250419NCHH0,대전,NC,한화,2,7,라일리,문동주,final
2025-04-19,20250419KTWO0,고척,KT,키움,11,1,소형준,김선기,final
2025-04-20,20250420HTOB0,잠실,KIA,두산,6,2,네일,잭로그,final
2025-04-20,20250420LTSS0,대구,롯데,삼성,4,3,나균안,후라도,final
2025-04-20,20250420LGSK0,문학,LG,SSG,3,9,김주온,앤더슨,final
2025-04-20,20250420NCHH0,대전,NC,한화,1,7,이용찬,폰세,final
2025-04-20,20250420KTWO0,고척,KT,키움,5,0,고영표,로젠버그,final
2025-04-22,20250422NCLG0,잠실,NC,LG,6,5,신민혁,임찬규,final
2025-04-22,20250422HTSS0,대구,KIA,삼성,,,김도현,최원태,우천취소
2025-04-22,20250422HHLT0,사직,한화,롯데,,,와이스,반즈,우천취소
2025-04-22,20250422SKKT0,수원,SSG,KT,3,9,김광현,오원석,final
2025-04-22,20250422OBWO0,고척,두산,키움,4,5,최승용,하영민,final
2025-04-23,20250423NCLG0,잠실,NC,LG,0,3,로건,송승기,final
2025-04-23,20250423HTSS0,대구,KIA,삼성,2,7,김도현,최원태,final
2025-04-23,20250423HHLT0,사직,한화,롯데,6,4,와이스,반즈,final
2025-04-23,20250423SKKT0,수원,SSG,KT,11,5,화이트,쿠에바스,final
2025-04-23,20250423OBWO0,고척,두산,키움,8,2,김유성,김윤하,final
2025-04-24,20250424NCLG0,잠실,NC,LG,3,1,라일리,치리노스,final
2025-04-24,20250424HTSS0,대구,KIA,삼성,5,17,황동하,원태인,final
2025-04-24,20250424HHLT0,사직,한화,롯데,3,5,류현진,박세웅,final
2025-04-24,20250424SKKT0,수원,SSG,KT,6,5,문승원,강건,final
2025-04-24,20250424OBWO0,고척,두산,키움,9,3,콜어빈,김연주,final
2025-04-25,20250425LTOB0,잠실,롯데,두산,8,2,데이비슨,최원준,final
2025-04-25,20250425NCSS0,대구,NC,삼성,6,10,목지훈,김대호,final
2025-04-25,20250425WOSK0,문학,키움,SSG,3,4,김선기,박종훈,final
2025-04-25,20250425LGHT0,광주,LG,KIA,6,5,손주영,양현종,final
2025-04-25,20250425KTHH0,대전,KT,한화,2,1,소형준,엄상백,final
2025-04-26,20250426LTOB0,잠실,롯데,두산,7,4,나균안,잭로그,final
2025-04-26,20250426LGHT0,광주,LG,KIA,4,8,이지강,올러,final
2025-04-26,20250426NCSS0,대구,NC,삼성,1,9,이용찬,후라도,final
2025-04-26,20250426WOSK0,문학,키움,SSG,2,1,로젠버그,앤더슨,final
2025-04-26,20250426KTHH0,대전,KT,한화,1,2,고영표,문동주,final
2025-04-27,20250427LTOB0,잠실,롯데,두산,4,13,박진,최승용,final
2025-04-27,20250427NCSS0,대구,NC,삼성,4,8,신민혁,레예스,final
2025-04-27,20250427WOSK0,문학,키움,SSG,7,3,하영민,김광현,final
2025-04-27,20250427LGHT0,광주,LG,KIA,2,3,임찬규,네일,final
2025-04-27,20250427KTHH0,대전,KT,한화,3,4,오원석,폰세,final
2025-04-29,20250429KTOB0,잠실,KT,두산,3,2,쿠에바스,최준호,final
2025-04-29,20250429SSSK0,문학,삼성,SSG,3,1,최원태,화이트,final
2025-04-29,20250429NCHT0,광주,NC,KIA,3,13,로건,김도현,final
2025-04-29,20250429LGHH0,대전,LG,한화,2,3,송승기,와이스,final
2025-04-29,20250429LTWO0,고척,롯데,키움,9,3,반즈,김윤하,final
2025-04-30,20250430KTOB0,잠실,KT,두산,8,3,헤이수스,콜어빈,final
2025-04-30,20250430SSSK0,문학,삼성,SSG,6,6,원태인,문승원,final
2025-04-30,20250430NCHT0,광주,NC,KIA,7,0,라일리,황동하,final
2025-04-30,20250430LGHH0,대전,LG,한화,2,5,치리노스,류현진,final
2025-04-30,20250430LTWO0,고척,롯데,키움,10,9,박세웅,김선기,final
2025-05-01,20250501KTOB0,잠실,KT,두산,3,3,소형준,최원준,final
2025-05-01,20250501SSSK0,문학,삼성,SSG,1,4,이승현,송영진,final
2025-05-01,20250501NCHT0,광주,NC,KIA,,,김녹원,양현종,우천취소
2025-05-01,20250501LGHH0,대전,LG,한화,,,손주영,엄상백,우천취소
2025-05-01,20250501LTWO0,고척,롯데,키움,5,0,데이비슨,조영건,final
2025-05-02,20250502SKLG0,잠실,SSG,LG,2,1,앤더슨,손주영,final
2025-05-02,20250502OBSS0,대구,두산,삼성,2,6,잭로그,후라도,final
2025-05-02,20250502NCLT0,사직,NC,롯데,3,4,최성영,나균안,final
2025-05-02,20250502HHHT0,광주,한화,KIA,3,2,엄상백,올러,final
2025-05-02,20250502WOKT0,수원,키움,KT,5,3,로젠버그,고영표,final
2025-05-03,20250503HHHT0,광주,한화,KIA,,,문동주,네일,우천취소
2025-05-03,20250503SKLG0,잠실,SSG,LG,1,4,김광현,임찬규,final
2025-05-03,20250503OBSS0,대구,두산,삼성,6,1,최승용,레예스,final
2025-05-03,20250503NCLT0,사직,NC,롯데,13,4,신민혁,박진,final
2025-05-03,20250503WOKT0,수원,키움,KT,0,9,하영민,오원석,final
2025-05-04,20250504SKLG0,잠실,SSG,LG,4,12,박종훈,코엔 윈,final
2025-05-04,20250504OBSS0,대구,두산,삼성,11,6,최준호,정민성,final
2025-05-04,20250504NCLT0,사직,NC,롯데,9,6,김녹원,반즈,final
2025-05-04,20250504HHHT0,광주,한화,KIA,3,1,폰세,네일,final
2025-05-04,20250504WOKT0,수원,키움,KT,4,5,김선기,쿠에바스,final
2025-05-05,20250505LGOB0,잠실,LG,두산,2,5,송승기,콜어빈,final
2025-05-05,20250505SKLT0,사직,SSG,롯데,7,1,화이트,이민석,final
2025-05-05,20250505NCKT0,수원,NC,KT,6,2,로건,조이현,final
2025-05-05,20250505SSHH0,대전,삼성,한화,1,3,최원태,와이스,final
2025-05-05,20250505HTWO0,고척,KIA,키움,13,1,양현종,김윤하,final
2025-05-06,20250506LGOB0,잠실,LG,두산,5,1,치리노스,최원준,final
2025-05-06,20250506SKLT0,사직,SSG,롯데,0,6,문승원,박세웅,final
2025-05-06,20250506NCKT0,수원,NC,KT,6,3,라일리,헤이수스,final
2025-05-06,20250506SSHH0,대전,삼성,한화,1,3,원태인,류현진,final
2025-05-06,20250506HTWO0,고척,KIA,키움,5,3,김도현,조영건,final
2025-05-07,20250507LGOB0,잠실,LG,두산,2,5,최채흥,잭로그,final
2025-05-07,20250507SKLT0,사직,SSG,롯데,2,6,송영진,데이비슨,final
2025-05-07,20250507NCKT0,수원,NC,KT,12,2,목지훈,소형준,final
2025-05-07,20250507SSHH0,대전,삼성,한화,6,10,이승현,문동주,final
2025-05-07,20250507HTWO0,고척,KIA,키움,10,11,황동하,로젠버그,final
2025-05-09,20250509NCOB0,잠실,NC,두산,,,신민혁,최승용,우천취소
2025-05-09,20250509LGSS0,대구,LG,삼성,,,손주영,후라도,우천취소
2025-05-09,20250509HTSK0,문학,KIA,SSG,,,올러,앤더슨,우천취소
2025-05-09,20250509LTKT0,수원,롯데,KT,,,나균안,고영표,우천취소
2025-05-09,20250509HHWO0,고척,한화,키움,7,5,엄상백,하영민,final
2025-05-10,20250510HHWO0,고척,한화,키움,9,1,폰세,김선기,final
2025-05-10,20250510NCOB0,잠실,NC,두산,6,6,신민혁,최승용,final
2025-05-10,20250510HTSK0,문학,KIA,SSG,5,4,올러,앤더슨,final
2025-05-10,20250510LTKT0,수원,롯데,KT,8,5,나균안,고영표,final
2025-05-10,20250510NCOB1,잠실,NC,두산,,,신민혁,최승용,우천취소
2025-05-10,20250510LGSS1,대구,LG,삼성,5,4,손주영,후라도,final
2025-05-10,20250510HTSK1,문학,KIA,SSG,,,올러,앤더슨,우천취소
2025-05-10,20250510LTKT1,수원,롯데,KT,,,나균안,고영표,우천취소
2025-05-10,20250510LGSS2,대구,LG,삼성,4,1,임찬규,레예스,final
2025-05-11,20250511LGSS0,대구,LG,삼성,7,4,코엔 윈,최원태,final
2025-05-11,20250511HHWO0,고척,한화,키움,8,0,와이스,김윤하,final
2025-05-11,20250511NCOB1,잠실,NC,두산,11,5,로건,콜어빈,final
2025-05-11,20250511HTSK1,문학,KIA,SSG,4,8,네일,화이트,final
2025-05-11,20250511LTKT1,수원,롯데,KT,6,1,박세웅,쿠에바스,final
2025-05-11,20250511NCOB2,잠실,NC,두산,5,2,최성영,최준호,final
2025-05-11,20250511HTSK2,문학,KIA,SSG,1,5,양현종,김광현,final
2025-05-11,20250511LTKT2,수원,롯데,KT,1,1,이민석,오원석,final
2025-05-13,20250513WOLG0,잠실,키움,LG,6,9,조영건,치리노스,final
2025-05-13,20250513NCSK0,문학,NC,SSG,3,6,라일리,문승원,final
2025-05-13,20250513LTHT0,광주,롯데,KIA,1,4,데이비슨,김도현,final
2025-05-13,20250513OBHH0,대전,두산,한화,4,3,최원준,류현진,final
2025-05-13,20250513KTSS0,포항,KT,삼성,3,5,헤이수스,이승현,final
2025-05-14,20250514WOLG0,잠실,키움,LG,0,12,로젠버그,송승기,final
2025-05-14,20250514NCSK0,문학,NC,SSG,6,3,목지훈,송영진,final
2025-05-14,20250514LTHT0,광주,롯데,KIA,4,0,한현희,윤영철,final
2025-05-14,20250514OBHH0,대전,두산,한화,7,1,잭로그,문동주,final
2025-05-14,20250514KTSS0,포항,KT,삼성,3,2,소형준,원태인,final
2025-05-15,20250515WOLG0,잠실,키움,LG,2,6,하영민,임찬규,final
2025-05-15,20250515NCSK0,문학,NC,SSG,0,4,신민혁,앤더슨,final
2025-05-15,20250515LTHT0,광주,롯데,KIA,6,7,나균안,올러,final
2025-05-15,20250515OBHH0,대전,두산,한화,8,2,최승용,엄상백,final
2025-05-15,20250515KTSS0,포항,KT,삼성,0,13,고영표,후라도,final
2025-05-16,20250516KTLG0,잠실,KT,LG,,,쿠에바스,손주영,우천취소
2025-05-16,20250516SSLT0,사직,삼성,롯데,,,레예스,이민석,우천취소
2025-05-16,20250516OBHT0,광주,두산,KIA,,,홍민규,네일,우천취소
2025-05-16,20250516SKHH0,대전,SSG,한화,,,김광현,폰세,우천취소
2025-05-16,20250516WONC0,울산,키움,NC,,,김선기,최성영,우천취소
2025-05-17,20250517KTLG1,잠실,KT,LG,12,4,오원석,손주영,final
2025-05-17,20250517SSLT1,사직,삼성,롯데,5,7,레예스,박세웅,final
2025-05-17,20250517OBHT1,광주,두산,KIA,2,5,콜어빈,네일,final
2025-05-17,20250517SKHH1,대전,SSG,한화,0,1,김광현,폰세,final
2025-05-17,20250517WONC1,울산,키움,NC,2,3,김선기,로건,final
2025-05-17,20250517KTLG2,잠실,KT,LG,7,6,쿠에바스,코엔 윈,final
2025-05-17,20250517SSLT2,사직,삼성,롯데,7,8,최원태,이민석,final
2025-05-17,20250517OBHT2,광주,두산,KIA,1,4,홍민규,양현종,final
2025-05-17,20250517SKHH2,대전,SSG,한화,5,2,화이트,와이스,final
2025-05-17,20250517WONC2,울산,키움,NC,3,2,김연주,최성영,final
2025-05-18,20250518KTLG0,잠실,KT,LG,1,5,헤이수스,치리노스,final
2025-05-18,20250518SSLT0,사직,삼성,롯데,3,6,이승현,데이비슨,final
2025-05-18,20250518OBHT0,광주,두산,KIA,4,5,최원준,김도현,final
2025-05-18,20250518SKHH0,대전,SSG,한화,7,3,문승원,류현진,final
2025-05-18,20250518WONC0,울산,키움,NC,0,5,조영건,라일리,final
2025-05-20,20250520SKOB0,잠실,SSG,두산,5,3,전영준,잭로그,final
2025-05-20,20250520LGLT0,사직,LG,롯데,17,9,송승기,윤성빈,final
2025-05-20,20250520HTKT0,수원,KIA,KT,3,5,윤영철,조이현,final
2025-05-20,20250520SSWO0,고척,삼성,키움,6,3,원태인,로젠버그,final
2025-05-20,20250520HHNC0,울산,한화,NC,4,1,문동주,목지훈,final
2025-05-21,20250521SKOB0,잠실,SSG,두산,9,1,앤더슨,최민석,final
2025-05-21,20250521LGLT0,사직,LG,롯데,7,7,임찬규,나균안,final
2025-05-21,20250521HTKT0,수원,KIA,KT,1,3,올러,고영표,final
2025-05-21,20250521SSWO0,고척,삼성,키움,6,1,후라도,하영민,final
2025-05-21,20250521HHNC0,울산,한화,NC,2,5,황준서,신민혁,final
2025-05-22,20250522SKOB0,잠실,SSG,두산,5,6,김광현,홍민규,final
2025-05-22,20250522LGLT0,사직,LG,롯데,4,11,코엔 윈,이민석,final
2025-05-22,20250522HTKT0,수원,KIA,KT,8,3,양현종,쿠에바스,final
2025-05-22,20250522SSWO0,고척,삼성,키움,2,0,레예스,김연주,final
2025-05-22,20250522HHNC0,울산,한화,NC,3,4,폰세,김녹원,final
2025-05-23,20250523NCOB0,잠실,NC,두산,1,1,로건,콜어빈,final
2025-05-23,20250523HTSS0,대구,KIA,삼성,7,6,네일,황동재,final
2025-05-23,20250523LGSK0,문학,LG,SSG,3,2,손주영,화이트,final
2025-05-23,20250523LTHH0,대전,롯데,한화,2,4,박세웅,와이스,final
2025-05-23,20250523KTWO0,고척,KT,키움,7,5,오원석,김윤하,final
2025-05-24,20250524LTHH0,대전,롯데,한화,8,6,데이비슨,류현진,final
2025-05-24,20250524KTWO0,고척,KT,키움,10,4,헤이수스,조영건,final
2025-05-24,20250524NCOB0,잠실,NC,두산,5,1,라일리,최원준,final
2025-05-24,20250524HTSS0,대구,KIA,삼성,4,8,김도현,이승현,final
2025-05-24,20250524LGSK0,문학,LG,SSG,4,5,치리노스,김건우,final
2025-05-25,20250525NCOB0,잠실,NC,두산,3,5,최성영,잭로그,final
2025-05-25,20250525HTSS0,대구,KIA,삼성,2,3,윤영철,원태인,final
2025-05-25,20250525LGSK0,문학,LG,SSG,9,3,송승기,전영준,final
2025-05-25,20250525LTHH0,대전,롯데,한화,7,8,한현희,문동주,final
2025-05-25,20250525KTWO0,고척,KT,키움,2,0,소형준,김선기,final
2025-05-27,20250527HHLG0,잠실,한화,LG,1,2,황준서,임찬규,final
2025-05-27,20250527LTSS0,대구,롯데,삼성,3,7,감보아,후라도,final
2025-05-27,20250527NCSK0,문학,NC,SSG,1,1,신민혁,앤더슨,final
2025-05-27,20250527WOHT0,광주,키움,KIA,5,7,하영민,올러,final
2025-05-27,20250527OBKT0,수원,두산,KT,1,2,최승용,고영표,final
2025-05-28,20250528HHLG0,잠실,한화,LG,6,5,폰세,코엔 윈,final
2025-05-28,20250528LTSS0,대구,롯데,삼성,,,나균안,레예스,우천취소
2025-05-28,20250528NCSK0,문학,NC,SSG,5,13,목지훈,김광현,final
2025-05-28,20250528WOHT0,광주,키움,KIA,7,13,김연주,양현종,final
2025-05-28,20250528OBKT0,수원,두산,KT,12,3,최민석,쿠에바스,final
2025-05-29,20250529HHLG0,잠실,한화,LG,1,3,와이스,손주영,final
2025-05-29,20250529LTSS0,대구,롯데,삼성,3,9,박세웅,최원태,final
2025-05-29,20250529NCSK0,문학,NC,SSG,5,6,로건,김건우,final
2025-05-29,20250529WOHT0,광주,키움,KIA,3,3,김윤하,네일,final
2025-05-29,20250529OBKT0,수원,두산,KT,2,12,콜어빈,오원석,final
2025-05-30,20250530SSLG0,잠실,삼성,LG,4,3,이승현,에르난데스,final
2025-05-30,20250530SKLT0,사직,SSG,롯데,5,6,화이트,데이비슨,final
2025-05-30,20250530HTKT0,수원,KIA,KT,1,3,김도현,헤이수스,final
2025-05-30,20250530HHNC0,창원,한화,NC,7,1,류현진,라일리,final
2025-05-30,20250530OBWO0,고척,두산,키움,9,4,최원준,김선기,final
2025-05-31,20250531HTKT0,수원,KIA,KT,1,5,윤영철,소형준,final
2025-05-31,20250531HHNC0,창원,한화,NC,9,6,엄상백,김녹원,final
2025-05-31,20250531SSLG0,잠실,삼성,LG,4,2,원태인,치리노스,final
2025-05-31,20250531SKLT0,사직,SSG,롯데,4,1,전영준,나균안,final
2025-05-31,20250531OBWO0,고척,두산,키움,0,1,잭로그,로젠버그,final
2025-06-01,20250601OBWO0,고척,두산,키움,0,1,최승용,알칸타라,final
2025-06-01,20250601SSLG0,잠실,삼성,LG,6,4,레예스,임찬규,final
2025-06-01,20250601SKLT0,사직,SSG,롯데,4,3,앤더슨,이민석,final
2025-06-01,20250601HTKT0,수원,KIA,KT,5,3,올러,조이현,final
2025-06-01,20250601HHNC0,창원,한화,NC,5,16,황준서,이준혁,final
2025-06-03,20250603LGNC0,창원,LG,NC,15,0,송승기,목지훈,final
2025-06-03,20250603KTHH0,대전,KT,한화,1,10,쿠에바스,폰세,final
2025-06-03,20250603HTOB0,잠실,KIA,두산,11,3,양현종,곽빈,final
2025-06-03,20250603WOLT0,사직,키움,롯데,0,8,김연주,감보아,final
2025-06-03,20250603SSSK0,문학,삼성,SSG,4,6,후라도,김광현,final
2025-06-04,20250604HTOB0,잠실,KIA,두산,8,3,네일,최민석,final
2025-06-04,20250604WOLT0,사직,키움,롯데,9,6,김윤하,박세웅,final
2025-06-04,20250604SSSK0,문학,삼성,SSG,1,4,최원태,김건우,final
2025-06-04,20250604LGNC0,창원,LG,NC,5,6,손주영,로건,final
2025-06-04,20250604KTHH0,대전,KT,한화,3,4,오원석,와이스,final
2025-06-05,20250605HTOB0,잠실,KIA,두산,1,2,김도현,최원준,final
2025-06-05,20250605WOLT0,사직,키움,롯데,10,5,하영민,데이비슨,final
2025-06-05,20250605SSSK0,문학,삼성,SSG,3,1,이승현,화이트,final
2025-06-05,20250605LGNC0,창원,LG,NC,3,1,에르난데스,라일리,final
2025-06-05,20250605KTHH0,대전,KT,한화,7,0,헤이수스,류현진,final
2025-06-06,20250606LTOB0,잠실,롯데,두산,2,5,나균안,잭로그,final
2025-06-06,20250606NCSS0,대구,NC,삼성,3,7,김녹원,원태인,final
2025-06-06,20250606HHHT0,광주,한화,KIA,2,3,엄상백,윤영철,final
2025-06-06,20250606SKKT0,수원,SSG,KT,3,10,전영준,소형준,final
2025-06-06,20250606LGWO0,고척,LG,키움,1,2,치리노스,로젠버그,final
2025-06-07,20250607LTOB0,잠실,롯데,두산,9,4,이민석,최승용,final
2025-06-07,20250607NCSS0,대구,NC,삼성,11,7,신민혁,레예스,final
2025-06-07,20250607HHHT0,광주,한화,KIA,3,2,황준서,올러,final
2025-06-07,20250607SKKT0,수원,SSG,KT,2,3,앤더슨,고영표,final
2025-06-07,20250607LGWO0,고척,LG,키움,1,4,임찬규,알칸타라,final
2025-06-08,20250608LGWO0,고척,LG,키움,7,2,송승기,정현우,final
2025-06-08,20250608LTOB0,잠실,롯데,두산,4,2,감보아,곽빈,final
2025-06-08,20250608NCSS0,대구,NC,삼성,0,1,신영우,후라도,final
2025-06-08,20250608HHHT0,광주,한화,KIA,6,7,폰세,양현종,final
2025-06-08,20250608SKKT0,수원,SSG,KT,3,2,박기호,쿠에바스,final
2025-06-10,20250610SKLG0,잠실,SSG,LG,6,2,김건우,손주영,final
2025-06-10,20250610SSHT0,광주,삼성,KIA,8,0,최원태,네일,final
2025-06-10,20250610LTKT0,수원,롯데,KT,3,12,박세웅,오원석,final
2025-06-10,20250610OBHH0,대전,두산,한화,2,6,콜어빈,와이스,final
2025-06-10,20250610NCWO0,고척,NC,키움,2,2,로건,김윤하,final
2025-06-11,20250611SKLG0,잠실,SSG,LG,4,6,화이트,에르난데스,final
2025-06-11,20250611SSHT0,광주,삼성,KIA,3,6,양창섭,김도현,final
2025-06-11,20250611LTKT0,수원,롯데,KT,4,3,데이비슨,헤이수스,final
2025-06-11,20250611OBHH0,대전,두산,한화,1,9,최원준,조동욱,final
2025-06-11,20250611NCWO0,고척,NC,키움,7,1,라일리,하영민,final
2025-06-12,20250612SKLG0,잠실,SSG,LG,6,8,전영준,치리노스,final
2025-06-12,20250612SSHT0,광주,삼성,KIA,2,1,이승현,윤영철,final
2025-06-12,20250612LTKT0,수원,롯데,KT,12,7,김진욱,소형준,final
2025-06-12,20250612OBHH0,대전,두산,한화,2,3,잭로그,엄상백,final
2025-06-12,20250612NCWO0,고척,NC,키움,8,6,김녹원,김연주,final
2025-06-13,20250613WOOB0,잠실,키움,두산,,,알칸타라,최승용,우천취소
2025-06-13,20250613KTSS0,대구,KT,삼성,,,고영표,황동재,우천취소
2025-06-13,20250613LTSK0,문학,롯데,SSG,,,이민석,앤더슨,우천취소
2025-06-13,20250613HTNC0,창원,KIA,NC,1,4,올러,신민혁,final
2025-06-13,20250613LGHH0,대전,LG,한화,,,임찬규,황준서,우천취소
2025-06-14,20250614WOOB0,잠실,키움,두산,1,4,알칸타라,최승용,final
2025-06-14,20250614KTSS0,대구,KT,삼성,10,3,쿠에바스,후라도,final
2025-06-14,20250614LTSK0,문학,롯데,SSG,4,2,감보아,김광현,final
2025-06-14,20250614HTNC0,창원,KIA,NC,9,8,양현종,신영우,final
2025-06-14,20250614LGHH0,대전,LG,한화,2,2,임찬규,폰세,final
2025-06-15,20250615WOOB0,잠실,키움,두산,2,3,정현우,곽빈,final
2025-06-15,20250615KTSS0,대구,KT,삼성,16,4,고영표,최원태,final
2025-06-15,20250615LTSK0,문학,롯데,SSG,0,1,이민석,앤더슨,final
2025-06-15,20250615HTNC0,창원,KIA,NC,4,2,네일,로건,final
2025-06-15,20250615LGHH0,대전,LG,한화,5,10,송승기,문동주,final
2025-06-17,20250617NCLG0,잠실,NC,LG,6,2,라일리,에르난데스,final
2025-06-17,20250617OBSS0,대구,두산,삼성,1,12,콜어빈,원태인,final
2025-06-17,20250617HHLT0,사직,한화,롯데,6,0,와이스,데이비슨,final
2025-06-17,20250617KTHT0,광주,KT,KIA,3,10,헤이수스,김도현,final
2025-06-17,20250617SKWO0,고척,SSG,키움,11,1,화이트,김윤하,final
2025-06-18,20250618NCLG0,잠실,NC,LG,8,9,김녹원,치리노스,final
2025-06-18,20250618OBSS0,대구,두산,삼성,3,6,최민석,이승현,final
2025-06-18,20250618HHLT0,사직,한화,롯데,3,6,엄상백,홍민기,final
2025-06-18,20250618KTHT0,광주,KT,KIA,3,5,소형준,윤영철,final
2025-06-18,20250618SKWO0,고척,SSG,키움,2,3,김건우,하영민,final
2025-06-19,20250619NCLG0,잠실,NC,LG,3,0,신민혁,최채흥,final
2025-06-19,20250619OBSS0,대구,두산,삼성,9,8,잭로그,양창섭,final
2025-06-19,20250619HHLT0,사직,한화,롯데,3,4,황준서,나균안,final
2025-06-19,20250619KTHT0,광주,KT,KIA,0,5,배제성,올러,final
2025-06-19,20250619SKWO0,고척,SSG,키움,4,2,박시후,박주성,final
2025-06-20,20250620OBLG0,잠실,두산,LG,,,최승용,에르난데스,우천취소
2025-06-20,20250620SSLT0,사직,삼성,롯데,1,3,김대호,감보아,final
2025-06-20,20250620HTSK0,문학,KIA,SSG,,,양현종,김광현,우천취소
2025-06-20,20250620NCKT0,수원,NC,KT,,,목지훈,쿠에바스,우천취소
2025-06-20,20250620WOHH0,대전,키움,한화,,,알칸타라,폰세,우천취소
2025-06-21,20250621OBLG0,잠실,두산,LG,6,5,곽빈,에르난데스,final
2025-06-21,20250621SSLT0,사직,삼성,롯데,,,최원태,박세웅,우천취소
2025-06-21,20250621HTSK0,문학,KIA,SSG,5,5,양현종,김광현,final
2025-06-21,20250621NCKT0,수원,NC,KT,5,7,목지훈,오원석,final
2025-06-21,20250621WOHH0,대전,키움,한화,,,정현우,폰세,우천취소
2025-06-22,20250622OBLG0,잠실,두산,LG,5,13,최승용,송승기,final
2025-06-22,20250622SSLT0,사직,삼성,롯데,6,9,원태인,박세웅,final
2025-06-22,20250622HTSK0,문학,KIA,SSG,5,4,네일,앤더슨,final
2025-06-22,20250622NCKT0,수원,NC,KT,2,0,로건,쿠에바스,final
2025-06-22,20250622WOHH0,대전,키움,한화,4,10,알칸타라,폰세,final
2025-06-24,20250624SKOB0,잠실,SSG,두산,0,5,화이트,최원준,final
2025-06-24,20250624HHSS0,대구,한화,삼성,,,와이스,최원태,우천취소
2025-06-24,20250624LGKT0,수원,LG,KT,0,5,치리노스,헤이수스,final
2025-06-24,20250624LTNC0,창원,롯데,NC,,,데이비슨,라일리,우천취소
2025-06-24,20250624HTWO0,고척,KIA,키움,6,9,윤영철,김윤하,final
2025-06-25,20250625SKOB0,잠실,SSG,두산,,,김건우,콜어빈,우천취소
2025-06-25,20250625HHSS0,대구,한화,삼성,2,7,와이스,후라도,final
2025-06-25,20250625LGKT0,수원,LG,KT,,,손주영,고영표,우천취소
2025-06-25,20250625LTNC0,창원,롯데,NC,2,7,데이비슨,라일리,final
2025-06-25,20250625HTWO0,고척,KIA,키움,6,3,올러,웰스,final
2025-06-26,20250626SKOB0,잠실,SSG,두산,4,1,김건우,콜어빈,final
2025-06-26,20250626HHSS0,대구,한화,삼성,3,1,문동주,가라비토,final
2025-06-26,20250626LGKT0,수원,LG,KT,4,3,임찬규,소형준,final
2025-06-26,20250626LTNC0,창원,롯데,NC,7,6,감보아,최성영,final
2025-06-26,20250626HTWO0,고척,KIA,키움,5,5,김건국,하영민,final
2025-06-27,20250627HTLG0,잠실,KIA,LG,3,4,양현종,손주영,final
2025-06-27,20250627KTLT0,사직,KT,롯데,11,8,고영표,이민석,final
2025-06-27,20250627HHSK0,문학,한화,SSG,6,8,엄상백,문승원,final
2025-06-27,20250627OBNC0,창원,두산,NC,9,10,곽빈,신민혁,final
2025-06-27,20250627SSWO0,고척,삼성,키움,4,5,최원태,정현우,final
2025-06-28,20250628HTLG0,잠실,KIA,LG,9,8,김도현,송승기,final
2025-06-28,20250628KTLT0,사직,KT,롯데,4,0,오원석,나균안,final
2025-06-28,20250628HHSK0,문학,한화,SSG,5,2,폰세,앤더슨,final
2025-06-28,20250628OBNC0,창원,두산,NC,1,3,잭로그,로건,final
2025-06-28,20250628SSWO0,고척,삼성,키움,0,9,원태인,알칸타라,final
2025-06-29,20250629SSWO0,고척,삼성,키움,7,10,이승현,웰스,final
2025-06-29,20250629HTLG0,잠실,KIA,LG,12,2,윤영철,치리노스,final
2025-06-29,20250629KTLT0,사직,KT,롯데,5,10,쿠에바스,박세웅,final
2025-06-29,20250629HHSK0,문학,한화,SSG,0,2,류현진,화이트,final
2025-06-29,20250629OBNC0,창원,두산,NC,7,3,최승용,김녹원,final
2025-07-01,20250701SSOB0,잠실,삼성,두산,4,1,후라도,최민석,final
2025-07-01,20250701LGLT0,사직,LG,롯데,3,2,에르난데스,데이비슨,final
2025-07-01,20250701SKHT0,광주,SSG,KIA,2,3,김건우,김건국,final
2025-07-01,20250701WOKT0,수원,키움,KT,7,3,박주성,헤이수스,final
2025-07-01,20250701NCHH0,대전,NC,한화,4,8,라일리,와이스,final
2025-07-02,20250702SSOB0,잠실,삼성,두산,0,5,가라비토,콜어빈,final
2025-07-02,20250702LGLT0,사직,LG,롯데,2,5,임찬규,감보아,final
2025-07-02,20250702SKHT0,광주,SSG,KIA,8,5,김광현,이도현,final
2025-07-02,20250702WOKT0,수원,키움,KT,2,4,하영민,소형준,final
2025-07-02,20250702NCHH0,대전,NC,한화,2,0,목지훈,문동주,final
2025-07-03,20250703SSOB0,잠실,삼성,두산,6,4,최원태,곽빈,final
2025-07-03,20250703LGLT0,사직,LG,롯데,0,2,손주영,이민석,final
2025-07-03,20250703SKHT0,광주,SSG,KIA,2,3,문승원,양현종,final
2025-07-03,20250703WOKT0,수원,키움,KT,2,6,정현우,고영표,final
2025-07-03,20250703NCHH0,대전,NC,한화,7,7,신민혁,엄상백,final
2025-07-04,20250704KTOB0,잠실,KT,두산,6,3,오원석,잭로그,final
2025-07-04,20250704LGSS0,대구,LG,삼성,1,4,송승기,이승현,final
2025-07-04,20250704LTHT0,광주,롯데,KIA,5,7,나균안,네일,final
2025-07-04,20250704SKNC0,창원,SSG,NC,4,0,앤더슨,로건,final
2025-07-04,20250704HHWO0,고척,한화,키움,2,1,폰세,알칸타라,final
2025-07-05,20250705KTOB0,잠실,KT,두산,2,6,쿠에바스,최원준,final
2025-07-05,20250705LGSS0,대구,LG,삼성,6,7,치리노스,양창섭,final
2025-07-05,20250705LTHT0,광주,롯데,KIA,0,13,박세웅,김도현,final
2025-07-05,20250705SKNC0,창원,SSG,NC,6,1,화이트,조민석,final
2025-07-05,20250705HHWO0,고척,한화,키움,6,4,류현진,웰스,final
2025-07-06,20250706HHWO0,고척,한화,키움,10,1,와이스,박주성,final
2025-07-06,20250706KTOB0,잠실,KT,두산,7,8,헤이수스,최승용,final
2025-07-06,20250706LGSS0,대구,LG,삼성,4,2,에르난데스,후라도,final
2025-07-06,20250706LTHT0,광주,롯데,KIA,5,2,데이비슨,김건국,final
2025-07-06,20250706SKNC0,창원,SSG,NC,2,3,김건우,라일리,final
2025-07-08,20250708WOLG0,잠실,키움,LG,3,4,하영민,임찬규,final
2025-07-08,20250708OBLT0,사직,두산,롯데,8,5,최민석,홍민기,final
2025-07-08,20250708KTSK0,문학,KT,SSG,1,7,배제성,김광현,final
2025-07-08,20250708SSNC0,창원,삼성,NC,9,10,가라비토,목지훈,final
2025-07-08,20250708HTHH0,대전,KIA,한화,8,14,윤영철,문동주,final
2025-07-09,20250709WOLG0,잠실,키움,LG,6,12,정현우,손주영,final
2025-07-09,20250709OBLT0,사직,두산,롯데,4,5,곽빈,이민석,final
2025-07-09,20250709KTSK0,문학,KT,SSG,10,3,소형준,문승원,final
2025-07-09,20250709SSNC0,창원,삼성,NC,0,3,최원태,신민혁,final
2025-07-09,20250709HTHH0,대전,KIA,한화,4,7,양현종,엄상백,final
2025-07-10,20250710WOLG0,잠실,키움,LG,4,3,알칸타라,송승기,final
2025-07-10,20250710OBLT0,사직,두산,롯데,9,0,잭로그,나균안,final
2025-07-10,20250710KTSK0,문학,KT,SSG,4,2,고영표,앤더슨,final
2025-07-10,20250710SSNC0,창원,삼성,NC,5,7,이승현,로건,final
2025-07-10,20250710HTHH0,대전,KIA,한화,2,3,네일,황준서,final
2025-07-17,20250717LTLG0,잠실,롯데,LG,,,감보아,손주영,그라운드사정
2025-07-17,20250717WOSS0,대구,키움,삼성,,,웰스,후라도,우천취소
2025-07-17,20250717OBSK0,문학,두산,SSG,,,콜어빈,화이트,우천취소
2025-07-17,20250717NCHT0,광주,NC,KIA,,,라일리,네일,우천취소
2025-07-17,20250717HHKT0,수원,한화,KT,,,폰세,배제성,우천취소
2025-07-18,20250718LTLG0,잠실,롯데,LG,1,2,감보아,손주영,final
2025-07-18,20250718WOSS0,대구,키움,삼성,,,웰스,후라도,우천취소
2025-07-18,20250718OBSK0,문학,두산,SSG,,,콜어빈,화이트,그라운드사정
2025-07-18,20250718NCHT0,광주,NC,KIA,,,라일리,네일,우천취소
2025-07-18,20250718HHKT0,수원,한화,KT,5,0,폰세,오원석,final
2025-07-19,20250719LTLG0,잠실,롯데,LG,6,1,데이비슨,에르난데스,final
2025-07-19,20250719WOSS0,대구,키움,삼성,,,알칸타라,가라비토,우천취소
2025-07-19,20250719OBSK0,문학,두산,SSG,5,0,콜어빈,앤더슨,final
2025-07-19,20250719NCHT0,광주,NC,KIA,,,라일리,네일,그라운드사정
2025-07-19,20250719HHKT0,수원,한화,KT,6,5,와이스,헤이수스,final
2025-07-20,20250720LTLG0,잠실,롯데,LG,2,3,이민석,임찬규,final
2025-07-20,20250720WOSS0,대구,키움,삼성,10,15,알칸타라,후라도,final
2025-07-20,20250720OBSK0,문학,두산,SSG,2,1,곽빈,김광현,final
2025-07-20,20250720NCHT0,광주,NC,KIA,2,3,신민혁,이의리,final
2025-07-20,20250720HHKT0,수원,한화,KT,10,0,류현진,소형준,final
2025-07-22,20250722HHOB0,잠실,한화,두산,2,1,문동주,잭로그,final
2025-07-22,20250722SKSS0,대구,SSG,삼성,5,7,화이트,원태인,final
2025-07-22,20250722LGHT0,광주,LG,KIA,9,7,송승기,네일,final
2025-07-22,20250722KTNC0,창원,KT,NC,7,0,고영표,라일리,final
2025-07-22,20250722LTWO0,고척,롯데,키움,3,6,나균안,웰스,final
2025-07-23,20250723HHOB0,잠실,한화,두산,2,13,황준서,최민석,final
2025-07-23,20250723SKSS0,대구,SSG,삼성,0,9,김건우,가라비토,final
2025-07-23,20250723LGHT0,광주,LG,KIA,6,5,치리노스,김도현,final
2025-07-23,20250723KTNC0,창원,KT,NC,9,2,패트릭,로건,final
2025-07-23,20250723LTWO0,고척,롯데,키움,4,1,박세웅,하영민,final
2025-07-24,20250724HHOB0,잠실,한화,두산,4,4,폰세,최승용,final
2025-07-24,20250724SKSS0,대구,SSG,삼성,3,1,문승원,최원태,final
2025-07-24,20250724LGHT0,광주,LG,KIA,8,0,손주영,양현종,final
2025-07-24,20250724KTNC0,창원,KT,NC,5,4,배제성,목지훈,final
2025-07-24,20250724LTWO0,고척,롯데,키움,4,0,감보아,정현우,final
2025-07-25,20250725LGOB0,잠실,LG,두산,6,5,에르난데스,콜어빈,final
2025-07-25,20250725HTLT0,사직,KIA,롯데,4,7,김건국,데이비슨,final
2025-07-25,20250725SSKT0,수원,삼성,KT,5,8,양창섭,헤이수스,final
2025-07-25,20250725WONC0,창원,키움,NC,7,16,박주성,이준혁,final
2025-07-25,20250725SKHH0,대전,SSG,한화,0,4,앤더슨,와이스,final
2025-07-26,20250726LGOB0,잠실,LG,두산,4,3,임찬규,곽빈,final
2025-07-26,20250726HTLT0,사직,KIA,롯데,4,9,이의리,이민석,final
2025-07-26,20250726SSKT0,수원,삼성,KT,11,0,후라도,소형준,final
2025-07-26,20250726WONC0,창원,키움,NC,6,8,알칸타라,신민혁,final
2025-07-26,20250726SKHH0,대전,SSG,한화,9,3,김광현,류현진,final
2025-07-27,20250727LGOB0,잠실,LG,두산,6,9,최채흥,잭로그,final
2025-07-27,20250727HTLT0,사직,KIA,롯데,3,5,네일,나균안,final
2025-07-27,20250727SSKT0,수원,삼성,KT,3,4,원태인,고영표,final
2025-07-27,20250727WONC0,창원,키움,NC,4,12,김윤하,라일리,final
2025-07-27,20250727SKHH0,대전,SSG,한화,3,2,화이트,문동주,final
2025-07-29,20250729KTLG0,잠실,KT,LG,2,8,오원석,치리노스,final
2025-07-29,20250729NCLT0,사직,NC,롯데,4,6,로건,박세웅,final
2025-07-29,20250729WOSK0,문학,키움,SSG,3,9,하영민,최민준,final
2025-07-29,20250729OBHT0,광주,두산,KIA,9,6,최민석,김도현,final
2025-07-29,20250729SSHH0,대전,삼성,한화,9,2,가라비토,황준서,final
2025-07-30,20250730KTLG0,잠실,KT,LG,0,5,패트릭,손주영,final
2025-07-30,20250730NCLT0,사직,NC,롯데,9,4,목지훈,감보아,final
2025-07-30,20250730WOSK0,문학,키움,SSG,5,5,정현우,문승원,final
2025-07-30,20250730OBHT0,광주,두산,KIA,2,2,최승용,양현종,final
2025-07-30,20250730SSHH0,대전,삼성,한화,0,5,최원태,폰세,final
2025-07-31,20250731KTLG0,잠실,KT,LG,0,18,헤이수스,송승기,final
2025-07-31,20250731NCLT0,사직,NC,롯데,5,11,김녹원,데이비슨,final
2025-07-31,20250731WOSK0,문학,키움,SSG,2,4,김연주,앤더슨,final
2025-07-31,20250731OBHT0,광주,두산,KIA,2,3,콜어빈,김건국,final
2025-07-31,20250731SSHH0,대전,삼성,한화,1,7,이승민,와이스,final
2025-08-01,20250801SKOB0,잠실,SSG,두산,7,2,김광현,곽빈,final
2025-08-01,20250801LGSS0,대구,LG,삼성,4,2,임찬규,후라도,final
2025-08-01,20250801HHHT0,광주,한화,KIA,2,3,류현진,이의리,final
2025-08-01,20250801KTNC0,창원,KT,NC,3,5,소형준,신민혁,final
2025-08-01,20250801LTWO0,고척,롯데,키움,0,2,이민석,알칸타라,final
2025-08-02,20250802SKOB0,잠실,SSG,두산,4,5,화이트,잭로그,final
2025-08-02,20250802LGSS0,대구,LG,삼성,3,2,에르난데스,원태인,final
2025-08-02,20250802HHHT0,광주,한화,KIA,,,문동주,네일,우천취소
2025-08-02,20250802KTNC0,창원,KT,NC,6,7,이채호,라일리,final
2025-08-02,20250802LTWO0,고척,롯데,키움,3,2,나균안,김윤하,final
2025-08-03,20250803LTWO0,고척,롯데,키움,9,3,박세웅,정세영,final
2025-08-03,20250803SKOB0,잠실,SSG,두산,3,2,최민준,최민석,final
2025-08-03,20250803LGSS0,대구,LG,삼성,6,3,치리노스,가라비토,final
2025-08-03,20250803HHHT0,광주,한화,KIA,,,문동주,올러,우천취소
2025-08-03,20250803KTNC0,창원,KT,NC,1,1,헤이수스,로건,final
2025-08-05,20250805OBLG0,잠실,두산,LG,2,4,최승용,손주영,final
2025-08-05,20250805HTLT0,사직,KIA,롯데,2,0,네일,감보아,final
2025-08-05,20250805SSSK0,문학,삼성,SSG,6,2,최원태,문승원,final
2025-08-05,20250805WONC0,창원,키움,NC,8,5,정현우,목지훈,final
2025-08-05,20250805KTHH0,대전,KT,한화,5,2,패트릭,문동주,final
2025-08-06,20250806OBLG0,잠실,두산,LG,10,8,콜어빈,최채흥,final
2025-08-06,20250806HTLT0,사직,KIA,롯데,1,7,올러,데이비슨,final
2025-08-06,20250806SSSK0,문학,삼성,SSG,4,5,이승현,앤더슨,final
2025-08-06,20250806WONC0,창원,키움,NC,9,5,박주성,조민석,final
2025-08-06,20250806KTHH0,대전,KT,한화,4,5,배제성,폰세,final
2025-08-07,20250807OBLG0,잠실,두산,LG,3,4,곽빈,송승기,final
2025-08-07,20250807HTLT0,사직,KIA,롯데,6,5,양현종,이민석,final
2025-08-07,20250807SSSK0,문학,삼성,SSG,6,1,후라도,김광현,final
2025-08-07,20250807WONC0,창원,키움,NC,13,12,알칸타라,신민혁,final
2025-08-07,20250807KTHH0,대전,KT,한화,5,4,고영표,와이스,final
2025-08-08,20250808HHLG0,잠실,한화,LG,1,2,류현진,임찬규,final
2025-08-08,20250808SKLT0,사직,SSG,롯데,1,0,최민준,나균안,final
2025-08-08,20250808SSKT0,수원,삼성,KT,8,4,원태인,소형준,final
2025-08-08,20250808HTNC0,창원,KIA,NC,4,5,김도현,라일리,final
2025-08-08,20250808OBWO0,고척,두산,키움,9,2,잭로그,김윤하,final
2025-08-09,20250809HHLG0,잠실,한화,LG,1,8,엄상백,치리노스,final
2025-08-09,20250809SKLT0,사직,SSG,롯데,,,김건우,박세웅,우천취소
2025-08-09,20250809SSKT0,수원,삼성,KT,1,3,가라비토,헤이수스,final
2025-08-09,20250809HTNC0,창원,KIA,NC,,,이의리,로건,우천취소
2025-08-09,20250809OBWO0,고척,두산,키움,6,4,최민석,메르세데스,final
2025-08-10,20250810OBWO0,고척,두산,키움,3,4,최승용,하영민,final
2025-08-10,20250810HHLG0,잠실,한화,LG,5,4,문동주,손주영,final
2025-08-10,20250810SKLT0,사직,SSG,롯데,10,1,김건우,박세웅,final
2025-08-10,20250810SSKT0,수원,삼성,KT,2,9,최원태,패트릭,final
2025-08-10,20250810HTNC0,창원,KIA,NC,12,16,이의리,로건,final
2025-08-12,20250812NCOB0,잠실,NC,두산,3,2,김녹원,콜어빈,final
2025-08-12,20250812HTSS0,대구,KIA,삼성,5,1,네일,이승현,final
2025-08-12,20250812WOSK0,문학,키움,SSG,1,3,정현우,앤더슨,final
2025-08-12,20250812LGKT0,수원,LG,KT,11,2,톨허스트,오원석,final
2025-08-12,20250812LTHH0,대전,롯데,한화,0,2,감보아,폰세,final
2025-08-13,20250813NCOB0,잠실,NC,두산,,,라일리,곽빈,우천취소
2025-08-13,20250813HTSS0,대구,KIA,삼성,9,1,올러,후라도,final
2025-08-13,20250813WOSK0,문학,키움,SSG,,,알칸타라,문승원,우천취소
2025-08-13,20250813LGKT0,수원,LG,KT,,,송승기,배제성,우천취소
2025-08-13,20250813LTHH0,대전,롯데,한화,0,6,벨라스케즈,와이스,final
2025-08-14,20250814NCOB0,잠실,NC,두산,5,6,라일리,곽빈,final
2025-08-14,20250814HTSS0,대구,KIA,삼성,10,4,양현종,원태인,final
2025-08-14,20250814WOSK0,문학,키움,SSG,2,0,알칸타라,문승원,final
2025-08-14,20250814LGKT0,수원,LG,KT,,,임찬규,배제성,그라운드사정
2025-08-14,20250814LTHH0,대전,롯데,한화,4,5,나균안,류현진,final
2025-08-15,20250815HTOB0,잠실,KIA,두산,5,6,김도현,잭로그,final
2025-08-15,20250815SSLT0,사직,삼성,롯데,10,4,가라비토,이민석,final
2025-08-15,20250815LGSK0,문학,LG,SSG,5,3,치리노스,화이트,final
2025-08-15,20250815HHNC0,창원,한화,NC,9,2,김기중,로건,final
2025-08-15,20250815KTWO0,고척,KT,키움,3,7,고영표,메르세데스,final
2025-08-16,20250816HTOB0,잠실,KIA,두산,3,4,이의리,최승용,final
2025-08-16,20250816SSLT0,사직,삼성,롯데,4,1,최원태,박세웅,final
2025-08-16,20250816LGSK0,문학,LG,SSG,7,10,송승기,김건우,final
2025-08-16,20250816HHNC0,창원,한화,NC,6,9,문동주,신민혁,final
2025-08-16,20250816KTWO0,고척,KT,키움,3,4,헤이수스,하영민,final
2025-08-17,20250817KTWO0,고척,KT,키움,5,3,패트릭,정현우,final
2025-08-17,20250817HTOB0,잠실,KIA,두산,2,4,네일,제환유,final
2025-08-17,20250817SSLT0,사직,삼성,롯데,8,8,이승현,감보아,final
2025-08-17,20250817LGSK0,문학,LG,SSG,6,1,임찬규,최민준,final
2025-08-17,20250817HHNC0,창원,한화,NC,4,9,황준서,김녹원,final
2025-08-19,20250819LTLG0,잠실,롯데,LG,2,5,벨라스케즈,톨허스트,final
2025-08-19,20250819WOHT0,광주,키움,KIA,9,12,박주성,올러,final
2025-08-19,20250819SKKT0,수원,SSG,KT,4,5,김광현,오원석,final
2025-08-19,20250819SSNC0,창원,삼성,NC,6,2,후라도,라일리,final
2025-08-19,20250819OBHH0,대전,두산,한화,6,5,콜어빈,와이스,final
2025-08-20,20250820LTLG0,잠실,롯데,LG,3,5,나균안,손주영,final
2025-08-20,20250820WOHT0,광주,키움,KIA,6,1,알칸타라,양현종,final
2025-08-20,20250820SKKT0,수원,SSG,KT,5,3,문승원,배제성,final
2025-08-20,20250820SSNC0,창원,삼성,NC,4,3,원태인,목지훈,final
2025-08-20,20250820OBHH0,대전,두산,한화,13,9,곽빈,조동욱,final
2025-08-21,20250821LTLG0,잠실,롯데,LG,6,6,이민석,치리노스,final
2025-08-21,20250821WOHT0,광주,키움,KIA,11,10,메르세데스,김도현,final
2025-08-21,20250821SKKT0,수원,SSG,KT,7,1,앤더슨,고영표,final
2025-08-21,20250821SSNC0,창원,삼성,NC,5,7,가라비토,로건,final
2025-08-21,20250821OBHH0,대전,두산,한화,6,3,잭로그,류현진,final
2025-08-22,20250822KTOB0,잠실,KT,두산,13,8,헤이수스,최민석,final
2025-08-22,20250822WOSS0,대구,키움,삼성,2,8,하영민,양창섭,final
2025-08-22,20250822LGHT0,광주,LG,KIA,14,2,송승기,이의리,final
2025-08-22,20250822LTNC0,창원,롯데,NC,6,7,박세웅,신민혁,final
2025-08-22,20250822SKHH0,대전,SSG,한화,1,0,최민준,폰세,final
2025-08-23,20250823KTOB0,잠실,KT,두산,6,2,패트릭,제환유,final
2025-08-23,20250823WOSS0,대구,키움,삼성,8,12,정현우,이승현,final
2025-08-23,20250823LGHT0,광주,LG,KIA,6,2,임찬규,네일,final
2025-08-23,20250823LTNC0,창원,롯데,NC,1,4,감보아,김녹원,final
2025-08-23,20250823SKHH0,대전,SSG,한화,0,5,화이트,황준서,final
2025-08-24,20250824KTOB0,잠실,KT,두산,3,2,소형준,콜어빈,final
2025-08-24,20250824WOSS0,대구,키움,삼성,4,7,김연주,후라도,final
2025-08-24,20250824LGHT0,광주,LG,KIA,2,1,톨허스트,올러,final
2025-08-24,20250824LTNC0,창원,롯데,NC,17,5,벨라스케즈,이준혁,final
2025-08-24,20250824SKHH0,대전,SSG,한화,2,5,송영진,와이스,final
2025-08-26,20250826SSOB0,잠실,삼성,두산,6,2,원태인,곽빈,final
2025-08-26,20250826KTLT0,사직,KT,롯데,3,4,오원석,나균안,final
2025-08-26,20250826HTSK0,문학,KIA,SSG,5,9,양현종,문승원,final
2025-08-26,20250826LGNC0,창원,LG,NC,7,9,손주영,로건,final
2025-08-26,20250826HHWO0,고척,한화,키움,3,1,류현진,알칸타라,final
2025-08-27,20250827SSOB0,잠실,삼성,두산,14,1,가라비토,윤태호,final
2025-08-27,20250827KTLT0,사직,KT,롯데,7,2,고영표,박세웅,final
2025-08-27,20250827HTSK0,문학,KIA,SSG,4,2,김도현,앤더슨,final
2025-08-27,20250827LGNC0,창원,LG,NC,10,1,치리노스,신영우,final
2025-08-27,20250827HHWO0,고척,한화,키움,3,1,문동주,메르세데스,final
2025-08-28,20250828SSOB0,잠실,삼성,두산,6,7,최원태,최민석,final
2025-08-28,20250828KTLT0,사직,KT,롯데,2,3,헤이수스,감보아,final
2025-08-28,20250828HTSK0,문학,KIA,SSG,10,6,이의리,최민준,final
2025-08-28,20250828LGNC0,창원,LG,NC,4,3,송승기,신민혁,final
2025-08-28,20250828HHWO0,고척,한화,키움,9,3,폰세,하영민,final
2025-08-29,20250829WOLG0,잠실,키움,LG,3,2,정현우,임찬규,final
2025-08-29,20250829OBLT0,사직,두산,롯데,7,1,잭로그,벨라스케즈,final
2025-08-29,20250829NCSK0,문학,NC,SSG,0,8,김녹원,화이트,final
2025-08-29,20250829HTKT0,수원,KIA,KT,10,1,네일,패트릭,final
2025-08-29,20250829SSHH0,대전,삼성,한화,5,3,이승현,황준서,final
2025-08-30,20250830WOLG0,잠실,키움,LG,5,6,박정훈,톨허스트,final
2025-08-30,20250830OBLT0,사직,두산,롯데,8,8,콜어빈,이민석,final
2025-08-30,20250830NCSK0,문학,NC,SSG,12,2,라일리,김광현,final
2025-08-30,20250830HTKT0,수원,KIA,KT,2,8,올러,문용익,final
2025-08-30,20250830SSHH0,대전,삼성,한화,4,0,후라도,와이스,final
2025-08-31,20250831WOLG0,잠실,키움,LG,6,5,알칸타라,손주영,final
2025-08-31,20250831OBLT0,사직,두산,롯데,1,5,곽빈,나균안,final
2025-08-31,20250831NCSK0,문학,NC,SSG,8,10,로건,문승원,final
2025-08-31,20250831HTKT0,수원,KIA,KT,6,7,양현종,오원석,final
2025-08-31,20250831SSHH0,대전,삼성,한화,5,3,원태인,김기중,final
2025-09-02,20250902LTLG0,잠실,롯데,LG,2,3,박세웅,치리노스,final
2025-09-02,20250902WOSK0,문학,키움,SSG,1,6,메르세데스,앤더슨,final
2025-09-02,20250902NCKT0,수원,NC,KT,9,4,김태경,고영표,final
2025-09-02,20250902HTHH0,대전,KIA,한화,3,21,김도현,류현진,final
2025-09-03,20250903WOSS0,대구,키움,삼성,4,3,하영민,가라비토,final
2025-09-03,20250903SKHT0,광주,SSG,KIA,2,1,최민준,네일,final
2025-09-03,20250903LTKT0,수원,롯데,KT,8,9,감보아,헤이수스,final
2025-09-03,20250903NCHH0,대전,NC,한화,5,6,신민혁,폰세,final
2025-09-04,20250904WOSS0,대구,키움,삼성,,,정현우,최원태,우천취소
2025-09-04,20250904SKHT0,광주,SSG,KIA,,,화이트,올러,우천취소
2025-09-04,20250904LGKT0,수원,LG,KT,10,8,송승기,문용익,final
2025-09-04,20250904OBNC0,창원,두산,NC,12,3,최민석,김녹원,final
2025-09-05,20250905WOSS0,대구,키움,삼성,3,8,정현우,최원태,final
2025-09-05,20250905LTSK0,문학,롯데,SSG,5,7,벨라스케즈,화이트,final
2025-09-05,20250905KTHT0,광주,KT,KIA,,,소형준,올러,우천취소
2025-09-05,20250905OBNC0,창원,두산,NC,9,3,잭로그,로건,final
2025-09-06,20250906LGOB0,잠실,LG,두산,,,톨허스트,콜어빈,우천취소
2025-09-06,20250906HHSS0,대구,한화,삼성,7,4,문동주,이승현,final
2025-09-06,20250906LTSK0,문학,롯데,SSG,,,이민석,김광현,우천취소
2025-09-06,20250906HTNC0,창원,KIA,NC,8,4,올러,라일리,final
2025-09-07,20250907SKLG0,잠실,SSG,LG,7,3,김광현,임찬규,final
2025-09-07,20250907HHSS0,대구,한화,삼성,3,4,황준서,원태인,final
2025-09-07,20250907HTNC0,창원,KIA,NC,1,2,양현종,구창모,final
2025-09-09,20250909HHLT0,사직,한화,롯데,9,1,와이스,박세웅,final
2025-09-09,20250909SSHT0,광주,삼성,KIA,,,가라비토,네일,그라운드사정
2025-09-09,20250909OBKT0,수원,두산,KT,1,8,곽빈,소형준,final
2025-09-09,20250909SKNC0,창원,SSG,NC,,,앤더슨,신민혁,우천취소
2025-09-09,20250909LGWO0,고척,LG,키움,2,11,톨허스트,알칸타라,final
2025-09-10,20250910LGOB0,잠실,LG,두산,8,4,손주영,콜어빈,final
2025-09-10,20250910HHLT0,사직,한화,롯데,13,0,류현진,감보아,final
2025-09-10,20250910SSHT0,광주,삼성,KIA,0,4,가라비토,네일,final
2025-09-10,20250910SKNC0,창원,SSG,NC,4,5,앤더슨,신민혁,final
2025-09-11,20250911KTLG0,잠실,KT,LG,6,4,헤이수스,치리노스,final
2025-09-11,20250911SKSS0,대구,SSG,삼성,8,4,화이트,후라도,final
2025-09-11,20250911LTHT0,광주,롯데,KIA,4,3,나균안,김도현,final
2025-09-11,20250911NCWO0,고척,NC,키움,1,4,로건,메르세데스,final
2025-09-12,20250912NCLG0,잠실,NC,LG,,,라일리,송승기,우천취소
2025-09-12,20250912OBHT0,광주,두산,KIA,4,5,잭로그,올러,final
2025-09-12,20250912WOHH0,대전,키움,한화,,,하영민,폰세,우천취소
2025-09-13,20250913HTLG0,잠실,KIA,LG,6,3,이의리,임찬규,final
2025-09-13,20250913KTSS0,대구,KT,삼성,5,3,고영표,원태인,final
2025-09-13,20250913SKLT0,사직,SSG,롯데,11,12,김광현,벨라스케즈,final
2025-09-13,20250913OBNC0,창원,두산,NC,4,6,최민석,김녹원,final
2025-09-13,20250913WOHH0,대전,키움,한화,5,10,하영민,폰세,final
2025-09-14,20250914HTLG0,잠실,KIA,LG,0,14,양현종,톨허스트,final
2025-09-14,20250914KTSS0,대구,KT,삼성,2,6,오원석,이승현,final
2025-09-14,20250914OBNC0,창원,두산,NC,0,6,김민규,라일리,final
2025-09-14,20250914WOHH0,대전,키움,한화,13,10,정현우,문동주,final
2025-09-15,20250915WOHH0,대전,키움,한화,6,7,박정훈,정우주,final
2025-09-16,20250916WOOB0,잠실,키움,두산,4,1,알칸타라,곽빈,final
2025-09-16,20250916LTSS0,대구,롯데,삼성,5,7,박진,가라비토,final
2025-09-16,20250916HHHT0,광주,한화,KIA,11,1,와이스,김태형,final
2025-09-16,20250916LGKT0,수원,LG,KT,10,6,손주영,헤이수스,final
2025-09-16,20250916SKNC0,창원,SSG,NC,7,3,앤더슨,로건,final
2025-09-17,20250917WOOB0,잠실,키움,두산,4,2,메르세데스,콜어빈,final
2025-09-17,20250917LTSS0,대구,롯데,삼성,,,감보아,후라도,그라운드사정
2025-09-17,20250917HHHT0,광주,한화,KIA,6,2,류현진,김건국,final
2025-09-17,20250917LGKT0,수원,LG,KT,,,치리노스,패트릭,우천취소
2025-09-17,20250917SKNC0,창원,SSG,NC,0,4,문승원,신민혁,final
2025-09-17,20250917SKNC1,창원,SSG,NC,,,화이트,구창모,우천취소
2025-09-18,20250918WOOB0,잠실,키움,두산,2,3,하영민,잭로그,final
2025-09-18,20250918HHHT0,광주,한화,KIA,4,3,윤산흠,올러,final
2025-09-18,20250918SSNC0,창원,삼성,NC,9,5,후라도,구창모,final
2025-09-18,20250918LGKT1,수원,LG,KT,6,2,치리노스,소형준,final
2025-09-18,20250918LGKT2,수원,LG,KT,14,1,송승기,패트릭,final
2025-09-19,20250919OBSK0,문학,두산,SSG,,,최민석,화이트,우천취소
2025-09-19,20250919HHKT0,수원,한화,KT,,,폰세,고영표,우천취소
2025-09-19,20250919LTNC0,창원,롯데,NC,18,2,나균안,라일리,final
2025-09-20,20250920SSLG0,잠실,삼성,LG,14,4,원태인,톨허스트,final
2025-09-20,20250920WOLT0,사직,키움,롯데,15,5,박정훈,감보아,final
2025-09-20,20250920OBSK0,문학,두산,SSG,2,15,최민석,화이트,final
2025-09-20,20250920NCHT0,광주,NC,KIA,4,5,김녹원,양현종,final
2025-09-20,20250920HHKT0,수원,한화,KT,2,4,폰세,고영표,final
2025-09-21,20250921OBSK0,문학,두산,SSG,3,7,최승용,김광현,final
2025-09-21,20250921NCHT0,광주,NC,KIA,7,6,김태경,이의리,final
2025-09-21,20250921SSKT0,수원,삼성,KT,3,6,양창섭,헤이수스,final
2025-09-22,20250922OBSK0,문학,두산,SSG,9,2,곽빈,앤더슨,final
2025-09-23,20250923OBSS0,대구,두산,삼성,5,7,콜어빈,가라비토,final
2025-09-23,20250923HTSK0,문학,KIA,SSG,0,5,김태형,김건우,final
2025-09-23,20250923WOKT0,수원,키움,KT,0,7,알칸타라,오원석,final
2025-09-23,20250923NCLT0,울산,NC,롯데,4,2,신민혁,박세웅,final
2025-09-24,20250924LTSS0,대구,롯데,삼성,4,9,박진,후라도,final
2025-09-24,20250924HHSK0,문학,한화,SSG,,,와이스,최민준,우천취소
2025-09-24,20250924LGNC0,창원,LG,NC,5,10,송승기,구창모,final
2025-09-24,20250924HTWO0,고척,KIA,키움,2,0,올러,하영민,final
2025-09-25,20250925HHOB0,잠실,한화,두산,0,7,와이스,잭로그,final
2025-09-25,20250925WOSS0,대구,키움,삼성,3,12,메르세데스,최원태,final
2025-09-25,20250925KTSK0,문학,KT,SSG,10,1,패트릭,문승원,final
2025-09-25,20250925LGLT0,울산,LG,롯데,11,1,손주영,감보아,final
2025-09-26,20250926NCOB0,잠실,NC,두산,3,0,라일리,제환유,final
2025-09-26,20250926SSLT0,사직,삼성,롯데,9,10,원태인,박준우,final
2025-09-26,20250926KTSK0,문학,KT,SSG,2,5,고영표,화이트,final
2025-09-26,20250926LGHH0,대전,LG,한화,1,4,치리노스,류현진,final
2025-09-27,20250927SKOB0,잠실,SSG,두산,6,2,김광현,최승용,final
2025-09-27,20250927NCHT0,광주,NC,KIA,2,1,김녹원,양현종,final
2025-09-27,20250927LGHH0,대전,LG,한화,9,2,톨허스트,문동주,final
2025-09-28,20250928LTOB0,잠실,롯데,두산,2,7,박세웅,곽빈,final
2025-09-28,20250928NCHT0,광주,NC,KIA,,,로건,이의리,우천취소
2025-09-28,20250928LGHH0,대전,LG,한화,,,임찬규,폰세,우천취소
2025-09-28,20250928SSWO0,고척,삼성,키움,4,2,가라비토,정현우,final
2025-09-29,20250929LTSK0,문학,롯데,SSG,2,4,박진,앤더슨,final
2025-09-29,20250929NCHT0,광주,NC,KIA,13,4,로건,이의리,final
2025-09-29,20250929LGHH0,대전,LG,한화,3,7,임찬규,정우주,final
2025-09-30,20250930OBLG0,잠실,두산,LG,6,0,콜어빈,송승기,final
2025-09-30,20250930HTSS0,대구,KIA,삼성,0,5,김태형,후라도,final
2025-09-30,20250930KTNC0,창원,KT,NC,4,9,헤이수스,신민혁,final
2025-09-30,20250930LTHH0,대전,롯데,한화,0,1,벨라스케즈,와이스,final
2025-09-30,20250930SKWO0,고척,SSG,키움,4,3,김건우,알칸타라,final
2025-10-01,20251001NCLG0,잠실,NC,LG,7,3,김태경,치리노스,final
2025-10-01,20251001HHSK0,문학,한화,SSG,5,6,폰세,최민준,final
2025-10-01,20251001KTHT0,광주,KT,KIA,9,3,소형준,올러,final
2025-10-02,20251002SKHT0,광주,SSG,KIA,2,7,송영진,이도현,final
2025-10-03,20251003SSHT0,광주,삼성,KIA,,,육선엽,양현종,우천취소
2025-10-03,20251003HHKT0,수원,한화,KT,6,6,박준영,오원석,final
2025-10-03,20251003SKNC0,창원,SSG,NC,,,김광현,라일리,우천취소
2025-10-04,20251004SSHT0,광주,삼성,KIA,8,9,육선엽,양현종,final
2025-10-04,20251004SKNC0,창원,SSG,NC,1,7,김광현,라일리,final
